{
  "setting": {},
  "condition": {
    "plugin": {
      "list": []
    },
    "game": {
      "list": []
    },
    "gamePlugin": {
      "list": []
    },
    "miniprogram": {
      "list": [
        {
          "name": "pages/clouddemo/clouddemo",
          "pathName": "pages/clouddemo/clouddemo",
          "query": "",
          "scene": null
        },
        {
          "name": "pages/list/list",
          "pathName": "pages/list/list",
          "query": "",
          "scene": null
        },
        {
          "name": "pages/trans/trans",
          "pathName": "pages/trans/trans",
          "query": "",
          "scene": null
        },
        {
          "name": "pages/notebook/notebook",
          "pathName": "pages/notebook/notebook",
          "query": "",
          "scene": null
        },
        {
          "name": "pages/book/book",
          "pathName": "pages/book/book",
          "query": "",
          "scene": null
        },
        {
          "name": "pages/newbook/newbook",
          "pathName": "pages/newbook/newbook",
          "query": "",
          "scene": null
        },
        {
          "name": "pages/preview/preview",
          "pathName": "pages/preview/preview",
          "query": "",
          "scene": null
        },
        {
          "name": "pages/trans/trans",
          "pathName": "pages/trans/trans",
          "query": "",
          "scene": null
        },
        {
          "name": "pages/trans/trans",
          "pathName": "pages/trans/trans",
          "query": "",
          "scene": null
        },
        {
          "name": "pages/detectResult/detectResult",
          "pathName": "pages/detectResult/detectResult",
          "query": "",
          "scene": null
        },
        {
          "name": "pages/feedback/feedback",
          "pathName": "pages/feedback/feedback",
          "query": "",
          "scene": null
        },
        {
          "name": "pages/camera/camera",
          "pathName": "pages/camera/camera",
          "scene": null
        }
      ]
    }
  }
}